{
  "c_npmi": -0.24812803595957147,
  "c_uci": -8.387219281493927,
  "topic_diversity@10": 0.9333333333333333,
  "outlier_rate": 0.2695035460992908,
  "n_topics_excl_-1": 18,
  "fit_time_sec": 1.8458645343780518
}