{
  "c_npmi": -0.25302996081359413,
  "c_uci": -8.364762990120532,
  "topic_diversity@10": 0.95,
  "outlier_rate": 0.36879432624113473,
  "n_topics_excl_-1": 4,
  "fit_time_sec": 1.304431438446045
}