{
  "topic_diversity@10": 0.9133333333333333,
  "c_npmi": -0.12541309004263917,
  "c_uci": -6.296846156362927,
  "outlier_rate": 0.2293144208037825,
  "n_topics_excl_-1": 31,
  "fit_time_sec": 1.0885813236236572
}