{
  "topic_diversity@10": 0.7647058823529411,
  "c_npmi": -0.018065021604744626,
  "c_uci": -3.3741715277953963,
  "outlier_rate": 0.11347517730496454,
  "n_topics_excl_-1": 18,
  "fit_time_sec": 1.3955717086791992
}