{
  "topic_diversity@10": 1.0,
  "c_npmi": -0.041480045758996754,
  "c_uci": -3.3096175949561077,
  "outlier_rate": 0.0,
  "n_topics_excl_-1": 2,
  "fit_time_sec": 1.6610047817230225
}