{
  "topic_diversity@10": 0.9133333333333333,
  "c_npmi": -0.12632822477480893,
  "c_uci": -6.2175061395900615,
  "outlier_rate": 0.2293144208037825,
  "n_topics_excl_-1": 31,
  "fit_time_sec": 1.2636051177978516
}