{
  "c_npmi": -0.267536047200984,
  "c_uci": -9.03409313907111,
  "topic_diversity@10": 0.9,
  "outlier_rate": 0.19621749408983452,
  "n_topics_excl_-1": 25,
  "fit_time_sec": 1.2860455513000488
}