{
  "topic_diversity@10": 0.85,
  "c_npmi": -0.2346120888049705,
  "c_uci": -7.724188309505424,
  "outlier_rate": 0.06855791962174941,
  "n_topics_excl_-1": 19,
  "fit_time_sec": 1.3507676124572754
}