{
  "topic_diversity@10": 0.9444444444444444,
  "c_npmi": -0.1945540551019756,
  "c_uci": -7.5825971913941,
  "outlier_rate": 0.3120567375886525,
  "n_topics_excl_-1": 9,
  "fit_time_sec": 1.4024999141693115
}