{
  "topic_diversity@10": 0.91,
  "c_npmi": -0.2843708771437349,
  "c_uci": -9.089267296877114,
  "outlier_rate": 0.20567375886524822,
  "n_topics_excl_-1": 10,
  "fit_time_sec": 1.0980186462402344
}