{
  "topic_diversity@10": 0.9571428571428572,
  "c_npmi": -0.07762902258220698,
  "c_uci": -5.021273052730074,
  "outlier_rate": 0.29550827423167847,
  "n_topics_excl_-1": 7,
  "fit_time_sec": 1.357292652130127
}