{
  "topic_diversity@10": 0.8875,
  "c_npmi": -0.022375848864955843,
  "c_uci": -2.761670056189443,
  "outlier_rate": 0.28132387706855794,
  "n_topics_excl_-1": 8,
  "fit_time_sec": 1.3156018257141113
}