{
  "topic_diversity@10": 0.7,
  "c_npmi": -0.13173657708417563,
  "c_uci": -4.125353226738798,
  "outlier_rate": 0.0,
  "n_topics_excl_-1": 2,
  "fit_time_sec": 1.2400901317596436
}