{
  "topic_diversity@10": 0.9333333333333333,
  "c_npmi": -0.29256709460960484,
  "c_uci": -8.99808699583606,
  "outlier_rate": 0.3380614657210402,
  "n_topics_excl_-1": 3,
  "fit_time_sec": 1.2485182285308838
}