{
  "topic_diversity@10": 0.9083333333333333,
  "c_npmi": -0.035034945198209926,
  "c_uci": -4.552641320964677,
  "outlier_rate": 0.3262411347517731,
  "n_topics_excl_-1": 24,
  "fit_time_sec": 1.9986834526062012
}