{
  "topic_diversity@10": 0.9833333333333333,
  "c_npmi": -0.24630224990620828,
  "c_uci": -8.443801785860938,
  "outlier_rate": 0.5271867612293144,
  "n_topics_excl_-1": 6,
  "fit_time_sec": 1.0982325077056885
}