{
  "topic_diversity@10": 1.0,
  "c_npmi": -0.2642279489753909,
  "c_uci": -8.666473297027345,
  "outlier_rate": 0.4657210401891253,
  "n_topics_excl_-1": 5,
  "fit_time_sec": 1.1646232604980469
}