{
  "topic_diversity@10": 1.0,
  "c_npmi": -0.2840579230596378,
  "c_uci": -9.198442587980626,
  "outlier_rate": 0.44208037825059104,
  "n_topics_excl_-1": 5,
  "fit_time_sec": 1.1470470428466797
}