{
  "topic_diversity@10": 1.0,
  "c_npmi": -0.4550447940099993,
  "c_uci": -12.989619153376967,
  "outlier_rate": 0.2553191489361702,
  "n_topics_excl_-1": 2,
  "fit_time_sec": 1.6069912910461426
}