{
  "topic_diversity@10": 0.98,
  "c_npmi": -0.2983888705234554,
  "c_uci": -9.592421477579489,
  "outlier_rate": 0.4562647754137116,
  "n_topics_excl_-1": 5,
  "fit_time_sec": 1.2338519096374512
}