{
  "topic_diversity@10": 0.9833333333333333,
  "c_npmi": -0.2734356660524761,
  "c_uci": -9.131363142419774,
  "outlier_rate": 0.48699763593380613,
  "n_topics_excl_-1": 6,
  "fit_time_sec": 1.0999727249145508
}