{
  "topic_diversity@10": 0.98,
  "c_npmi": -0.22365894053171673,
  "c_uci": -7.854055774262025,
  "outlier_rate": 0.44208037825059104,
  "n_topics_excl_-1": 5,
  "fit_time_sec": 1.4849073886871338
}