{
  "topic_diversity@10": 0.975,
  "c_npmi": -0.3010250505344537,
  "c_uci": -9.346855297664256,
  "outlier_rate": 0.44680851063829785,
  "n_topics_excl_-1": 4,
  "fit_time_sec": 1.1824760437011719
}