{
  "c_npmi": -0.1684969695514918,
  "c_uci": -5.489519298254844,
  "topic_diversity@10": 0.85,
  "outlier_rate": 0.37825059101654845,
  "n_topics_excl_-1": 8,
  "fit_time_sec": 1.3729984760284424
}