{
  "topic_diversity@10": 0.9666666666666667,
  "c_npmi": -0.34073578560289314,
  "c_uci": -10.59560493807909,
  "outlier_rate": 0.29550827423167847,
  "n_topics_excl_-1": 3,
  "fit_time_sec": 1.4617302417755127
}