{
  "topic_diversity@10": 0.9666666666666667,
  "c_npmi": -0.22996421033031822,
  "c_uci": -7.718171265060156,
  "outlier_rate": 0.425531914893617,
  "n_topics_excl_-1": 3,
  "fit_time_sec": 1.2464582920074463
}