{
  "topic_diversity@10": 0.8725,
  "c_npmi": -0.0693326084526314,
  "c_uci": -5.16871774415935,
  "outlier_rate": 0.20094562647754138,
  "n_topics_excl_-1": 40,
  "fit_time_sec": 2.4378180503845215
}