u_mass,c_v,c_npmi,stability_jaccard_top10,k
-1.7767946286475045,0.26816284058976064,-0.039882809153899676,0.38630683042447744,5
-2.455884938090755,,inf,0.27371804322268717,10
-2.5850412226865562,,inf,0.25170364442073123,15
-2.9461835401074015,,inf,0.22100850035304978,20
-3.1906199121702983,,inf,0.2251797795141448,25
-3.3403122082009697,0.270196248506427,inf,0.226987304867604,30
