u_mass,c_v,c_npmi,stability_jaccard_top10,k
-1.4029417840077203,0.39229056135791307,0.030919843919684307,0.38630683042447744,5
-1.9841363833044934,0.3897841889254899,0.02989388112793092,0.27371804322268717,10
-2.136946179671322,0.3792764104251223,0.018691727473865046,0.25170364442073123,15
-2.596010076051653,,,0.22100850035304978,20
-2.807967335113224,,,0.2251797795141448,25
-2.7578092295069467,0.34693025685484247,0.00016885080973622936,0.226987304867604,30
