{
  "topic_diversity@10": 0.9333333333333333,
  "c_npmi": -0.17128842185405455,
  "c_uci": -6.778498677658846,
  "outlier_rate": 0.4397163120567376,
  "n_topics_excl_-1": 3,
  "fit_time_sec": 1.2499995231628418
}