ANO,n_docs_total,n_docs_assigned,coverage
2020,30,25,0.8333333333333334
2021,86,75,0.872093023255814
2022,78,68,0.8717948717948718
2023,146,125,0.8561643835616438
2024,83,69,0.8313253012048193
