{
  "c_npmi": -0.170277840453448,
  "c_uci": -6.962105090715624,
  "topic_diversity@10": 0.9136363636363637,
  "outlier_rate": 0.3309692671394799,
  "n_topics_excl_-1": 22,
  "fit_time_sec": 1.9074440002441406
}