{
  "c_npmi": -0.1388832865677458,
  "c_uci": -4.731534641699755,
  "topic_diversity@10": 0.7777777777777778,
  "outlier_rate": 0.25059101654846333,
  "n_topics_excl_-1": 9,
  "fit_time_sec": 1.626680850982666
}