{
  "topic_diversity@10": 0.7777777777777778,
  "c_npmi": 0.038568319899243156,
  "c_uci": -1.4450670385764413,
  "outlier_rate": 0.25059101654846333,
  "n_topics_excl_-1": 9,
  "fit_time_sec": 1.718618392944336
}