{
  "c_npmi": -0.1705782840857547,
  "c_uci": -6.7434410625296,
  "topic_diversity@10": 0.9076923076923077,
  "outlier_rate": 0.3900709219858156,
  "n_topics_excl_-1": 26,
  "fit_time_sec": 2.190437078475952
}