{
  "topic_diversity@10": 1.0,
  "c_npmi": -0.2518040525517327,
  "c_uci": -8.507407196806971,
  "outlier_rate": 0.7044917257683215,
  "n_topics_excl_-1": 3,
  "fit_time_sec": 1.46561861038208
}