{
  "topic_diversity@10": 0.9090909090909091,
  "c_npmi": -0.08134444944323269,
  "c_uci": -5.449295583082233,
  "outlier_rate": 0.14657210401891252,
  "n_topics_excl_-1": 23,
  "fit_time_sec": 1.2775464057922363
}