{
  "c_npmi": -0.23271815510688543,
  "c_uci": -8.12835280203224,
  "topic_diversity@10": 0.93125,
  "outlier_rate": 0.2789598108747045,
  "n_topics_excl_-1": 16,
  "fit_time_sec": 1.6627204418182373
}