{
  "c_npmi": -0.2121615816350058,
  "c_uci": -7.861007769397381,
  "topic_diversity@10": 0.9090909090909091,
  "outlier_rate": 0.14657210401891252,
  "n_topics_excl_-1": 23,
  "fit_time_sec": 1.2763469219207764
}