{
  "topic_diversity@10": 0.8852941176470588,
  "c_npmi": -0.27807183257352747,
  "c_uci": -9.231058626565122,
  "outlier_rate": 0.13238770685579196,
  "n_topics_excl_-1": 35,
  "fit_time_sec": 1.49503493309021
}