{
  "c_npmi": -0.2645175032954195,
  "c_uci": -8.878906111612093,
  "topic_diversity@10": 0.9133333333333333,
  "outlier_rate": 0.2293144208037825,
  "n_topics_excl_-1": 31,
  "fit_time_sec": 1.076554536819458
}