{
  "topic_diversity@10": 0.95,
  "c_npmi": -0.2437681139806527,
  "c_uci": -8.4658768200463,
  "outlier_rate": 0.35697399527186763,
  "n_topics_excl_-1": 8,
  "fit_time_sec": 1.2786588668823242
}