ano,total,vazios,pct_vazios
2020,30,12,0.4
2021,86,1,0.011627906976744186
2022,78,1,0.01282051282051282
2023,146,0,0.0
2024,83,0,0.0
