{
  "topic_diversity@10": 0.9166666666666666,
  "c_npmi": -0.05567851997278423,
  "c_uci": -4.6904370379193425,
  "outlier_rate": 0.3640661938534279,
  "n_topics_excl_-1": 18,
  "fit_time_sec": 1.7896156311035156
}