{
  "c_npmi": -0.22951437661096669,
  "c_uci": -8.063220044036115,
  "topic_diversity@10": 0.8961538461538462,
  "outlier_rate": 0.21749408983451538,
  "n_topics_excl_-1": 27,
  "fit_time_sec": 1.516986608505249
}