{
  "topic_diversity@10": 0.93,
  "c_npmi": -0.13605066940904065,
  "c_uci": -5.7827533216190385,
  "outlier_rate": 0.2860520094562648,
  "n_topics_excl_-1": 10,
  "fit_time_sec": 1.1258399486541748
}