{
  "c_npmi": -0.05465022321180647,
  "c_uci": -0.9100926475958685,
  "topic_diversity@10": 1.0,
  "outlier_rate": 0.0,
  "n_topics_excl_-1": 2,
  "fit_time_sec": 1.3815531730651855
}