{
  "topic_diversity@10": 0.8888888888888888,
  "c_npmi": -0.10218554407235712,
  "c_uci": -5.6688982568179584,
  "outlier_rate": 0.21040189125295508,
  "n_topics_excl_-1": 28,
  "fit_time_sec": 1.249375581741333
}