{
  "topic_diversity@10": 0.9375,
  "c_npmi": -0.14044239035635786,
  "c_uci": -6.254882484187171,
  "outlier_rate": 0.4373522458628842,
  "n_topics_excl_-1": 8,
  "fit_time_sec": 1.1663801670074463
}