{
  "c_npmi": -0.16628372587895415,
  "c_uci": -5.643449768171269,
  "topic_diversity@10": 0.7818181818181819,
  "outlier_rate": 0.14420803782505912,
  "n_topics_excl_-1": 11,
  "fit_time_sec": 1.9722850322723389
}