{
  "c_npmi": -0.22725834491092922,
  "c_uci": -8.138979655992081,
  "topic_diversity@10": 0.8923076923076924,
  "outlier_rate": 0.1702127659574468,
  "n_topics_excl_-1": 27,
  "fit_time_sec": 1.3028490543365479
}