{
  "topic_diversity@10": 0.9181818181818182,
  "c_npmi": -0.10046016966277538,
  "c_uci": -5.169705262392117,
  "outlier_rate": 0.20803782505910165,
  "n_topics_excl_-1": 11,
  "fit_time_sec": 1.107114315032959
}