{
  "c_npmi": -0.20154718276059153,
  "c_uci": -7.457810733230957,
  "topic_diversity@10": 0.8913043478260869,
  "outlier_rate": 0.30260047281323876,
  "n_topics_excl_-1": 23,
  "fit_time_sec": 1.9215478897094727
}