{
  "topic_diversity@10": 0.9,
  "c_npmi": -0.12553149513027487,
  "c_uci": -6.237573490961637,
  "outlier_rate": 0.1276595744680851,
  "n_topics_excl_-1": 26,
  "fit_time_sec": 1.1269176006317139
}