{
  "c_npmi": -0.14846518644274728,
  "c_uci": -5.5325228446054675,
  "topic_diversity@10": 0.9,
  "outlier_rate": 0.49645390070921985,
  "n_topics_excl_-1": 8,
  "fit_time_sec": 1.7342133522033691
}