{
  "topic_diversity@10": 0.8909090909090909,
  "c_npmi": -0.017807120684752594,
  "c_uci": -3.443845024982379,
  "outlier_rate": 0.32860520094562645,
  "n_topics_excl_-1": 11,
  "fit_time_sec": 1.5110747814178467
}