{
  "topic_diversity@10": 0.9,
  "c_npmi": -0.2666129999353658,
  "c_uci": -8.803085259775337,
  "outlier_rate": 0.18912529550827423,
  "n_topics_excl_-1": 11,
  "fit_time_sec": 1.2369706630706787
}