{
  "c_npmi": -0.22901313924147265,
  "c_uci": -8.331269976931463,
  "topic_diversity@10": 0.8974358974358975,
  "outlier_rate": 0.20803782505910165,
  "n_topics_excl_-1": 39,
  "fit_time_sec": 1.9507441520690918
}