{
  "topic_diversity@10": 0.9,
  "c_npmi": -0.12387184095468037,
  "c_uci": -4.042365101315302,
  "outlier_rate": 0.0,
  "n_topics_excl_-1": 3,
  "fit_time_sec": 1.2148780822753906
}