{
  "c_npmi": -0.2731906031638628,
  "c_uci": -8.895562283763246,
  "topic_diversity@10": 0.89,
  "outlier_rate": 0.3120567375886525,
  "n_topics_excl_-1": 10,
  "fit_time_sec": 1.1784272193908691
}