{
  "c_npmi": -0.22344341741727905,
  "c_uci": -7.794540905279772,
  "topic_diversity@10": 0.92,
  "outlier_rate": 0.3806146572104019,
  "n_topics_excl_-1": 15,
  "fit_time_sec": 1.5969829559326172
}