{
  "c_npmi": -0.1995066814973353,
  "c_uci": -7.513206663138733,
  "topic_diversity@10": 0.8923076923076924,
  "outlier_rate": 0.3617021276595745,
  "n_topics_excl_-1": 26,
  "fit_time_sec": 1.913797378540039
}