{
  "topic_diversity@10": 0.85625,
  "c_npmi": -0.20445586606992922,
  "c_uci": -6.9131320092003685,
  "outlier_rate": 0.17494089834515367,
  "n_topics_excl_-1": 17,
  "fit_time_sec": 1.1332833766937256
}