{
  "topic_diversity@10": 0.98,
  "c_npmi": -0.07538287814342767,
  "c_uci": -5.402616887710402,
  "outlier_rate": 0.6264775413711584,
  "n_topics_excl_-1": 5,
  "fit_time_sec": 1.6475543975830078
}