{
  "topic_diversity@10": 0.9,
  "c_npmi": 0.03983104990483032,
  "c_uci": -2.1444955525346456,
  "outlier_rate": 0.49645390070921985,
  "n_topics_excl_-1": 8,
  "fit_time_sec": 1.8422999382019043
}