{
  "topic_diversity@10": 0.9666666666666667,
  "c_npmi": -0.3060035079809234,
  "c_uci": -9.441095217568288,
  "outlier_rate": 0.35697399527186763,
  "n_topics_excl_-1": 3,
  "fit_time_sec": 1.3640732765197754
}