{
  "c_npmi": -0.19068749151916747,
  "c_uci": -7.361218130511043,
  "topic_diversity@10": 0.98,
  "outlier_rate": 0.5011820330969267,
  "n_topics_excl_-1": 5,
  "fit_time_sec": 1.1997675895690918
}