{
  "c_npmi": -0.21287923132012884,
  "c_uci": -7.935399919753656,
  "topic_diversity@10": 0.9166666666666666,
  "outlier_rate": 0.3215130023640662,
  "n_topics_excl_-1": 24,
  "fit_time_sec": 1.991217851638794
}