{
  "c_npmi": -0.17216175750472057,
  "c_uci": -5.958380100675376,
  "topic_diversity@10": 0.8875,
  "outlier_rate": 0.28132387706855794,
  "n_topics_excl_-1": 8,
  "fit_time_sec": 1.3389735221862793
}