{
  "c_npmi": -0.3103773384762153,
  "c_uci": -9.982300123422476,
  "topic_diversity@10": 0.9375,
  "outlier_rate": 0.4373522458628842,
  "n_topics_excl_-1": 8,
  "fit_time_sec": 1.3463494777679443
}