{
  "topic_diversity@10": 0.975,
  "c_npmi": -0.29548552333898115,
  "c_uci": -9.269575731246068,
  "outlier_rate": 0.524822695035461,
  "n_topics_excl_-1": 4,
  "fit_time_sec": 1.1589655876159668
}