{
  "topic_diversity@10": 0.975,
  "c_npmi": -0.2735569673084711,
  "c_uci": -8.73219556615542,
  "outlier_rate": 0.4988179669030733,
  "n_topics_excl_-1": 4,
  "fit_time_sec": 1.09161376953125
}