{
  "topic_diversity@10": 1.0,
  "c_npmi": -0.4559182000895866,
  "c_uci": -13.002124211387272,
  "outlier_rate": 0.28368794326241137,
  "n_topics_excl_-1": 2,
  "fit_time_sec": 1.3177158832550049
}