{
  "topic_diversity@10": 1.0,
  "c_npmi": -0.4372194783507301,
  "c_uci": -12.574522397295523,
  "outlier_rate": 0.3475177304964539,
  "n_topics_excl_-1": 2,
  "fit_time_sec": 1.133415937423706
}