{
  "topic_diversity@10": 0.975,
  "c_npmi": -0.22466339116123288,
  "c_uci": -7.684305467888159,
  "outlier_rate": 0.5035460992907801,
  "n_topics_excl_-1": 4,
  "fit_time_sec": 1.1842408180236816
}