{
  "topic_diversity@10": 0.975,
  "c_npmi": -0.2630854212958864,
  "c_uci": -8.556446973622785,
  "outlier_rate": 0.5508274231678487,
  "n_topics_excl_-1": 4,
  "fit_time_sec": 1.0778748989105225
}