{
  "topic_diversity@10": 0.8851851851851852,
  "c_npmi": -0.10492328089734648,
  "c_uci": -5.724894549406513,
  "outlier_rate": 0.19621749408983452,
  "n_topics_excl_-1": 28,
  "fit_time_sec": 1.253763198852539
}