{
  "topic_diversity@10": 0.88,
  "c_npmi": -0.2593120784194921,
  "c_uci": -8.478009182079695,
  "outlier_rate": 0.2576832151300236,
  "n_topics_excl_-1": 10,
  "fit_time_sec": 1.2396738529205322
}