{
  "topic_diversity@10": 0.8,
  "c_npmi": -0.024834334016197543,
  "c_uci": -3.0567736635524776,
  "outlier_rate": 0.2198581560283688,
  "n_topics_excl_-1": 10,
  "fit_time_sec": 1.6554627418518066
}