{
  "topic_diversity@10": 0.8111111111111111,
  "c_npmi": 0.030857691099434908,
  "c_uci": -2.146245766791978,
  "outlier_rate": 0.28132387706855794,
  "n_topics_excl_-1": 9,
  "fit_time_sec": 2.1175551414489746
}