{
  "topic_diversity@10": 0.8317073170731707,
  "c_npmi": -0.0768749190863006,
  "c_uci": -5.23534235210655,
  "outlier_rate": 0.18439716312056736,
  "n_topics_excl_-1": 42,
  "fit_time_sec": 1.5737969875335693
}