{
  "topic_diversity@10": 0.9166666666666666,
  "c_npmi": -0.18132291889234897,
  "c_uci": -7.214135272237559,
  "outlier_rate": 0.2293144208037825,
  "n_topics_excl_-1": 6,
  "fit_time_sec": 1.3356952667236328
}