{
  "c_npmi": -0.1810713647662368,
  "c_uci": -6.919136324613093,
  "topic_diversity@10": 0.9166666666666666,
  "outlier_rate": 0.3640661938534279,
  "n_topics_excl_-1": 18,
  "fit_time_sec": 1.6699001789093018
}