{
  "topic_diversity@10": 0.9136363636363637,
  "c_npmi": -0.10214023946217451,
  "c_uci": -5.97380946418626,
  "outlier_rate": 0.39243498817966904,
  "n_topics_excl_-1": 22,
  "fit_time_sec": 1.5168724060058594
}