{
  "c_npmi": -0.2545322070601528,
  "c_uci": -8.563228603440438,
  "topic_diversity@10": 0.9222222222222223,
  "outlier_rate": 0.23404255319148937,
  "n_topics_excl_-1": 9,
  "fit_time_sec": 1.1772115230560303
}