{
  "c_npmi": -0.24087001375304232,
  "c_uci": -8.439863056940087,
  "topic_diversity@10": 0.9380952380952381,
  "outlier_rate": 0.2718676122931442,
  "n_topics_excl_-1": 21,
  "fit_time_sec": 1.8757495880126953
}