{
  "topic_diversity@10": 0.9105263157894737,
  "c_npmi": -0.080813186752057,
  "c_uci": -5.17858363795297,
  "outlier_rate": 0.3144208037825059,
  "n_topics_excl_-1": 19,
  "fit_time_sec": 1.6996715068817139
}