{
  "topic_diversity@10": 1.0,
  "c_npmi": -0.2193481608287439,
  "c_uci": -7.96441405814826,
  "outlier_rate": 0.5484633569739953,
  "n_topics_excl_-1": 6,
  "fit_time_sec": 1.3909847736358643
}