{
  "topic_diversity@10": 0.8444444444444444,
  "c_npmi": -0.04894245021174696,
  "c_uci": -4.134099890795357,
  "outlier_rate": 0.1016548463356974,
  "n_topics_excl_-1": 19,
  "fit_time_sec": 1.2159216403961182
}