{
  "topic_diversity@10": 0.85,
  "c_npmi": 0.011058662640334456,
  "c_uci": -2.2124651459084648,
  "outlier_rate": 0.37825059101654845,
  "n_topics_excl_-1": 8,
  "fit_time_sec": 1.5162220001220703
}