{
  "topic_diversity@10": 0.98,
  "c_npmi": -0.10927447881795108,
  "c_uci": -5.6521986994798326,
  "outlier_rate": 0.491725768321513,
  "n_topics_excl_-1": 5,
  "fit_time_sec": 1.2300257682800293
}