{
  "topic_diversity@10": 0.7818181818181819,
  "c_npmi": 0.05220090977468885,
  "c_uci": -1.834111911097289,
  "outlier_rate": 0.14420803782505912,
  "n_topics_excl_-1": 11,
  "fit_time_sec": 1.8809947967529297
}