{
  "topic_diversity@10": 0.912,
  "c_npmi": -0.23560302755605625,
  "c_uci": -8.248741317734513,
  "outlier_rate": 0.15130023640661938,
  "n_topics_excl_-1": 26,
  "fit_time_sec": 1.132288932800293
}