{
  "topic_diversity@10": 0.9037037037037037,
  "c_npmi": -0.22644677976219332,
  "c_uci": -8.264276373108254,
  "outlier_rate": 0.1607565011820331,
  "n_topics_excl_-1": 28,
  "fit_time_sec": 1.1083133220672607
}