{
  "topic_diversity@10": 0.9666666666666667,
  "c_npmi": -0.21498304906038737,
  "c_uci": -7.775461240350936,
  "outlier_rate": 0.5484633569739953,
  "n_topics_excl_-1": 6,
  "fit_time_sec": 1.4760286808013916
}