{
  "c_npmi": -0.2038389018851547,
  "c_uci": -7.6581389488848055,
  "topic_diversity@10": 0.9,
  "outlier_rate": 0.3333333333333333,
  "n_topics_excl_-1": 23,
  "fit_time_sec": 2.090562343597412
}