{
  "topic_diversity@10": 0.92,
  "c_npmi": -0.06857951440236548,
  "c_uci": -4.707821588076302,
  "outlier_rate": 0.3806146572104019,
  "n_topics_excl_-1": 15,
  "fit_time_sec": 1.7472782135009766
}