{
  "c_npmi": -0.18681757697402013,
  "c_uci": -5.965837181522204,
  "topic_diversity@10": 0.8,
  "outlier_rate": 0.2198581560283688,
  "n_topics_excl_-1": 10,
  "fit_time_sec": 1.4189863204956055
}