{
  "topic_diversity@10": 0.8852941176470588,
  "c_npmi": -0.10934126684352935,
  "c_uci": -6.134655318803299,
  "outlier_rate": 0.2198581560283688,
  "n_topics_excl_-1": 34,
  "fit_time_sec": 1.83707594871521
}