{
  "method": "bertopic",
  "run": "run_20250831T230602Z",
  "trial": "trial_24",
  "K": 12,
  "c_npmi": 0.007560071814801735,
  "c_v": 0.6058599854512132,
  "diversity@10": 0.75,
  "sep_jsd": 0.789577921470549,
  "balance": 0.9262042731060053,
  "clarity": 0.6036024422926879,
  "outliers_pct": 0.14420803782505912,
  "scenario": "opt",
  "RZ_index": 0.6800424648862116,
  "GR_index": 0.13238824907920146
}