{
  "topic_diversity@10": 0.9666666666666667,
  "c_npmi": -0.24472603461693318,
  "c_uci": -8.654202219937678,
  "outlier_rate": 0.541371158392435,
  "n_topics_excl_-1": 6,
  "fit_time_sec": 1.2114686965942383
}