{
  "topic_diversity@10": 1.0,
  "c_npmi": 0.0922712263711094,
  "c_uci": 0.5794775325078892,
  "outlier_rate": 0.0,
  "n_topics_excl_-1": 2,
  "fit_time_sec": 1.2281763553619385
}