{
  "c_npmi": -0.18526551728729704,
  "c_uci": -6.257747343782713,
  "topic_diversity@10": 0.7923076923076923,
  "outlier_rate": 0.24349881796690306,
  "n_topics_excl_-1": 13,
  "fit_time_sec": 1.9391226768493652
}