{
  "c_npmi": -0.29284022088173467,
  "c_uci": -9.659662218045916,
  "topic_diversity@10": 0.9444444444444444,
  "outlier_rate": 0.3120567375886525,
  "n_topics_excl_-1": 9,
  "fit_time_sec": 1.3686130046844482
}