{
  "topic_diversity@10": 0.8444444444444444,
  "c_npmi": -0.18981657567726912,
  "c_uci": -6.655346089511049,
  "outlier_rate": 0.1016548463356974,
  "n_topics_excl_-1": 19,
  "fit_time_sec": 1.2132019996643066
}