ano,topic,n,N_year,share
2020,0,2,25,0.08
2021,0,6,75,0.08
2022,0,10,68,0.14705882352941177
2023,0,19,125,0.152
2024,0,15,69,0.21739130434782608
