{
  "topic_diversity@10": 0.7583333333333333,
  "c_npmi": 0.04606981699409122,
  "c_uci": -1.8468497350590756,
  "outlier_rate": 0.2907801418439716,
  "n_topics_excl_-1": 13,
  "fit_time_sec": 1.4198555946350098
}