{
  "c_npmi": -0.18459748009278573,
  "c_uci": -6.233820141067094,
  "topic_diversity@10": 0.7647058823529411,
  "outlier_rate": 0.11347517730496454,
  "n_topics_excl_-1": 18,
  "fit_time_sec": 1.4622039794921875
}