{
  "topic_diversity@10": 0.912,
  "c_npmi": -0.027204529376796644,
  "c_uci": -4.368341976002315,
  "outlier_rate": 0.3546099290780142,
  "n_topics_excl_-1": 25,
  "fit_time_sec": 1.966444730758667
}