{
  "topic_diversity@10": 1.0,
  "c_npmi": -0.0062934052913052275,
  "c_uci": -0.08350882512108652,
  "outlier_rate": 0.0,
  "n_topics_excl_-1": 2,
  "fit_time_sec": 1.1559665203094482
}