{
  "topic_diversity@10": 0.975,
  "c_npmi": -0.2808302359171221,
  "c_uci": -8.914998331267947,
  "outlier_rate": 0.44680851063829785,
  "n_topics_excl_-1": 4,
  "fit_time_sec": 6.3947319984436035
}