{
  "c_npmi": -0.21620281163832383,
  "c_uci": -7.94440383407751,
  "topic_diversity@10": 0.872093023255814,
  "outlier_rate": 0.18203309692671396,
  "n_topics_excl_-1": 43,
  "fit_time_sec": 2.0316665172576904
}