{
  "topic_diversity@10": 0.8909090909090909,
  "c_npmi": -0.24440027853342283,
  "c_uci": -8.176201323115448,
  "outlier_rate": 0.25059101654846333,
  "n_topics_excl_-1": 11,
  "fit_time_sec": 1.235776662826538
}