{
  "c_npmi": -0.2000975474870876,
  "c_uci": -7.654399002808929,
  "topic_diversity@10": 0.9136363636363637,
  "outlier_rate": 0.39243498817966904,
  "n_topics_excl_-1": 22,
  "fit_time_sec": 1.4909675121307373
}