{
  "c_npmi": -0.19894613365312155,
  "c_uci": -6.232880066249525,
  "topic_diversity@10": 0.7636363636363637,
  "outlier_rate": 0.23404255319148937,
  "n_topics_excl_-1": 11,
  "fit_time_sec": 2.200969934463501
}