{
  "c_npmi": -0.1789208497740309,
  "c_uci": -6.357551780719189,
  "topic_diversity@10": 0.8909090909090909,
  "outlier_rate": 0.32860520094562645,
  "n_topics_excl_-1": 11,
  "fit_time_sec": 1.6564674377441406
}