{
  "topic_diversity@10": 0.9,
  "c_npmi": -0.12321495093147472,
  "c_uci": -6.33266326217619,
  "outlier_rate": 0.19621749408983452,
  "n_topics_excl_-1": 25,
  "fit_time_sec": 1.2654550075531006
}