{
  "topic_diversity@10": 0.8526315789473684,
  "c_npmi": -0.23064027069318024,
  "c_uci": -7.758551132504139,
  "outlier_rate": 0.13947990543735225,
  "n_topics_excl_-1": 20,
  "fit_time_sec": 1.0257189273834229
}