{
  "c_npmi": -0.14928191367747762,
  "c_uci": -5.2936336965351805,
  "topic_diversity@10": 0.7545454545454545,
  "outlier_rate": 0.24113475177304963,
  "n_topics_excl_-1": 11,
  "fit_time_sec": 1.8755817413330078
}