{
  "topic_diversity@10": 1.0,
  "c_npmi": -0.13173657708417563,
  "c_uci": -4.125353226738799,
  "outlier_rate": 0.0,
  "n_topics_excl_-1": 2,
  "fit_time_sec": 1.3234574794769287
}