{
  "c_npmi": -0.2663207793349623,
  "c_uci": -8.80652266108441,
  "topic_diversity@10": 0.9111111111111111,
  "outlier_rate": 0.29314420803782504,
  "n_topics_excl_-1": 9,
  "fit_time_sec": 1.3555834293365479
}