{
  "c_npmi": -0.24194597963358305,
  "c_uci": -8.663273347368726,
  "topic_diversity@10": 0.98,
  "outlier_rate": 0.6264775413711584,
  "n_topics_excl_-1": 5,
  "fit_time_sec": 1.6440625190734863
}