{
  "c_npmi": -0.26102174887787966,
  "c_uci": -8.74202821098553,
  "topic_diversity@10": 0.9111111111111111,
  "outlier_rate": 0.3073286052009456,
  "n_topics_excl_-1": 9,
  "fit_time_sec": 1.451183795928955
}