{
  "c_npmi": -0.20522270217670255,
  "c_uci": -7.840311435675851,
  "topic_diversity@10": 0.8846153846153846,
  "outlier_rate": 0.18912529550827423,
  "n_topics_excl_-1": 40,
  "fit_time_sec": 1.996504545211792
}